<?xml version="1.0" encoding="UTF-8"?>
<beans xmlns="http://www.springframework.org/schema/beans"
	xmlns:xsi="http://www.w3.org/2001/XMLSchema-instance" xmlns:p="http://www.springframework.org/schema/p"
	xmlns:context="http://www.springframework.org/schema/context"
	xmlns:mvc="http://www.springframework.org/schema/mvc" xmlns:tx="http://www.springframework.org/schema/tx"
	xmlns:aop="http://www.springframework.org/schema/aop"
	xsi:schemaLocation="
        http://www.springframework.org/schema/beans
        http://www.springframework.org/schema/beans/spring-beans.xsd
        http://www.springframework.org/schema/context
        http://www.springframework.org/schema/context/spring-context.xsd
        http://www.springframework.org/schema/tx
        http://www.springframework.org/schema/tx/spring-tx.xsd
        http://www.springframework.org/schema/aop
        http://www.springframework.org/schema/aop/spring-aop.xsd
        http://www.springframework.org/schema/mvc
        http://www.springframework.org/schema/mvc/spring-mvc.xsd">

	<context:component-scan base-package="com.*" />
	<mvc:annotation-driven />
	
	<bean
		class="org.springframework.web.servlet.view.InternalResourceViewResolver">
		<property name="prefix" value="/WEB-INF/Views/" />
		<property name="suffix" value=".jsp" />
	</bean>
	
	<bean id="dataSource" class="org.apache.commons.dbcp.BasicDataSource"
		destroy-method="close">
		<property name="driverClassName" value="org.apache.derby.jdbc.ClientDriver" />
		<property name="url"
			value="jdbc:derby://localhost:1527//Users/maruthir/Documents/Training/workspace/CRUD/WebContent/WEB-INF/mydb" />
		<property name="username" value="APP" />
		<property name="password" value="app" />
	</bean>

	<bean id="txManager"
		class="org.springframework.orm.hibernate4.HibernateTransactionManager">
		<!-- <property name="dataSource" ref="dataSource" /> -->
		<property name="sessionFactory" ref="mySessionFactory" />
	</bean>
	
    <tx:advice id="txAdvice" transaction-manager="txManager">
        <!-- the transactional semantics... -->
        <tx:attributes>
			<tx:method name="generateOrder" propagation="REQUIRES_NEW"/>
            <tx:method name="*" propagation="REQUIRED"/>
        </tx:attributes>
    </tx:advice>

    <!-- ensure that the above transactional advice runs for any execution
        of an operation defined by our interface --> 
    <aop:config>
        <aop:pointcut id="userOperations" expression="execution(* com.service.UserManagerImpl.*(..))"/>
        <aop:advisor advice-ref="txAdvice" pointcut-ref="userOperations"/>
    </aop:config>
    
    <bean id="userManager"
		class="com.service.UserManagerImpl">
		<property name="sessionFactory" ref="mySessionFactory" />
		<property name="dataSource" ref="dataSource" />
	</bean>
	
    <bean id="mySessionFactory" class="org.springframework.orm.hibernate4.LocalSessionFactoryBean">
        <property name="dataSource" ref="dataSource"/>
        <property name="mappingResources">
            <list>
                <value>Users.hbm.xml</value>
                <value>Orders.hbm.xml</value>
            </list>
        </property>
        <property name="hibernateProperties">
            <value>
            hibernate.dialect=org.hibernate.dialect.DerbyDialect
            hibernate.show_sql=true
            </value>
        </property>
    </bean>
</beans>